Seed,Optimizer_Coverage,Optimizer_Integrity,Optimizer_Violations,Optimizer_SolveMs,Human_Coverage,Human_Integrity,Human_Violations,Greedy_Coverage,Greedy_Integrity,Greedy_Violations
1017,72.8,100,0,41,13.6,0,4,34.2,100,7
1034,66.2,100,0,30,13.9,0,4,37.3,100,6
1051,67.1,100,0,47,16.4,0,4,37.5,100,8
1068,61.4,100,0,34,24.2,14,6,41.4,100,6
1085,67,100,0,21,13.5,0,4,34.4,100,9
1102,76,100,0,23,13,0,4,40.2,100,7
1119,67.6,100,0,29,10.4,0,4,37.8,100,9
1136,71.2,100,0,26,14.3,0,6,35.2,100,5
1153,66.8,100,0,32,10.8,33,4,37.8,100,6
1170,65.7,100,0,26,14,0,6,33.6,100,6
1187,67.4,100,0,19,10.7,0,4,34.4,100,6
1204,70.4,100,0,22,17.2,20,6,37.7,100,7
1221,75,100,0,21,14,0,6,37.5,100,7
1238,76,100,0,25,13.8,0,6,36.9,100,11
1255,70.2,100,0,24,13.9,0,4,34.2,100,14
1272,66.3,100,0,24,17.1,20,6,38,100,7
1289,63.8,100,0,20,19.5,0,6,37.6,100,7
1306,63.7,100,0,20,20.3,0,4,34.2,100,6
1323,63.2,100,0,17,16.4,0,4,38.5,100,6
1340,77.1,100,0,24,23.7,0,6,39.2,100,8
1357,66.7,100,0,18,10.6,0,4,38,100,7
1374,69.9,100,0,22,10.7,0,4,41.7,100,6
1391,69.6,100,0,22,13.5,25,4,38.4,100,6
1408,70,100,0,20,13.9,0,4,39,100,6
1425,73.4,100,0,23,10.7,0,4,37.9,100,7
1442,67.5,100,0,20,13.7,25,4,38.4,100,5
1459,61.7,100,0,18,14.2,0,4,31.2,100,4
1476,66.7,100,0,21,10.8,0,4,39,100,6
1493,79.8,100,0,30,14.5,25,6,41.6,100,8
1510,63.5,100,0,17,13.4,0,6,37.8,100,8
1527,76.9,100,0,23,14.4,0,4,38.6,100,7
1544,74.9,100,0,25,14.2,0,6,38.4,100,7
1561,70.8,100,0,44,10.6,0,4,34.4,100,6
1578,61.7,100,0,17,17,0,6,37.8,100,6
1595,69.5,100,0,21,20.2,17,6,37.9,100,8
1612,64.7,100,0,20,13,0,4,34.3,100,6
1629,73.1,100,0,25,17.8,0,6,42,100,10
1646,73.1,100,0,24,14.3,25,6,41,100,6
1663,66,100,0,28,14.3,0,4,37.8,100,12
1680,72.6,100,0,21,17.8,0,4,34.3,100,5
1697,61.1,100,0,19,10.8,0,4,35.1,100,5
1714,63.3,100,0,23,10.5,0,4,37.8,100,12
1731,73.5,100,0,21,10.4,0,4,37.4,100,6
1748,70.5,100,0,22,18,0,6,35.1,100,9
1765,67.5,100,0,22,10.7,0,4,34.8,100,4
1782,73,100,0,21,17.4,20,4,41.3,100,4
1799,74.2,100,0,31,17,0,6,40.9,100,9
1816,69.4,100,0,23,17.4,0,6,34.3,100,10
1833,67.6,100,0,25,13.2,0,4,37.8,100,6
1850,63.2,100,0,20,13,0,4,37.9,100,6
1867,71.9,100,0,20,14.2,0,6,33.7,100,8
1884,62.7,100,0,19,14.1,0,4,34.2,100,5
1901,71,100,0,25,17.7,0,6,37.8,100,7
1918,62.5,100,0,17,10.5,0,4,34.4,100,4
1935,73.5,100,0,25,17.4,0,6,37.4,100,5
1952,69.8,100,0,23,16.5,20,4,37.2,100,7
1969,67.1,100,0,20,14.3,0,6,38.2,100,7
1986,64,100,0,25,17.5,20,6,40.5,100,7
2003,60.9,100,0,19,10.5,0,4,34.3,100,7
2020,53.9,100,0,19,10.5,0,4,37.7,100,7
2037,66,100,0,21,10.5,0,4,34.4,100,3
2054,67.1,100,0,21,10.5,0,4,37.5,100,7
2071,69,100,0,20,20.1,0,6,34.1,100,7
2088,66.4,100,0,21,17,0,4,34.2,100,5
2105,69.9,100,0,21,13.9,0,4,34.2,100,10
2122,63.8,100,0,19,14.1,0,6,37.5,100,7
2139,66.6,100,0,23,13.5,0,4,34.2,100,7
2156,65.5,100,0,18,10.4,33,4,33.6,100,7
2173,60.3,100,0,16,13.2,0,4,33.4,100,5
2190,70.2,100,0,23,13.8,0,6,36.9,100,8
2207,69,100,0,23,16.9,0,6,37.2,100,8
2224,72.2,100,0,21,13.9,0,4,34,100,6
2241,70.6,100,0,25,13.1,0,4,34,100,5
2258,63.7,100,0,20,13.4,0,4,37.8,100,6
2275,56.7,100,0,16,20.1,17,6,34,100,8
2292,69.6,100,0,19,10.6,0,4,34.7,100,6
2309,65.2,100,0,21,19.9,17,6,38.3,100,6
2326,61.9,100,0,19,10.6,0,4,34.5,100,5
2343,82.3,100,0,26,10.5,0,4,41.6,100,5
2360,67.2,100,0,17,16.3,0,4,34.3,100,6
2377,76.1,100,0,23,14.1,0,4,41,100,8
2394,68.1,100,0,23,10.7,0,4,38.3,100,7
2411,74.3,100,0,21,14.5,0,6,42.4,100,11
2428,68,100,0,20,13.5,0,4,37.1,100,6
2445,70.3,100,0,24,14.2,0,4,34.4,100,6
2462,67,100,0,23,14,0,6,41.8,100,10
2479,69.2,100,0,24,23.5,14,6,38.4,100,9
2496,63.4,100,0,19,14.1,0,6,34.3,100,8
2513,69.5,100,0,19,14.4,0,4,34.4,100,12
2530,67.3,100,0,19,19.3,0,6,37.7,100,8
2547,69.2,100,0,21,14.4,0,6,38,100,7
2564,66.3,100,0,20,16.9,20,4,33.9,100,6
2581,66.5,100,0,18,10.6,0,4,37.8,100,9
2598,61.4,100,0,22,13.7,0,6,41.5,100,8
2615,66.2,100,0,19,13.4,25,4,38.3,100,12
2632,78.4,100,0,20,16.8,0,6,38.2,100,10
2649,69.7,100,0,24,10.5,0,4,34,100,4
2666,67.9,100,0,27,17.3,0,6,38.5,100,10
2683,63.8,100,0,18,10.7,0,4,35,100,4
2700,71,100,0,20,20.3,0,6,38.6,100,6